Id,name,gender,address,occupation,age,member_since
26-276488-N-1,John Doe,Male,123 Main St,Engineer,30,2020-01-15
26-276488-N-2,Jane Smith,Female,456 Oak Ave,Teacher,28,2019-05-20
26-276488-N-3,Bob Johnson,Male,789 Pine Ln,Doctor,35,2021-03-10
26-276488-N-4,Alice Williams,Female,101 Maple Dr,Artist,25,2018-11-05
26-276488-N-5,Charlie Brown,Male,234 Cedar Rd,Writer,40,2017-08-15
26-276488-N-6,Emily Davis,Female,567 Birch Blvd,Scientist,32,2018-09-28
26-276488-N-7,Daniel Miller,Male,890 Elm Way,Architect,38,2019-12-03
26-276488-N-8,Sophia Lee,Female,123 Oakwood St,Software Developer,27,2022-02-18
26-276488-N-9,William Turner,Male,456 Pinehurst Ave,Lawyer,45,2016-06-22
26-276488-N-10,Olivia Chen,Female,789 Redwood Rd,Graphic Designer,29,2020-07-11
26-276488-N-11,Liam Wang,Male,1122 Cedar Lane,Accountant,33,2021-08-09
26-276488-N-12,Emma Garcia,Female,334 Elm Street,Doctor,36,2019-02-14
26-276488-N-13,Aiden Davis,Male,556 Pine Avenue,Artist,26,2020-11-30
26-276488-N-14,Mia Johnson,Female,778 Birch Road,Engineer,31,2018-04-25
26-276488-N-15,James Brown,Male,990 Oakwood Drive,Scientist,39,2017-01-08
26-276488-N-16,Sophia Smith,Female,1122 Maple Boulevard,Lawyer,42,2016-03-17
26-276488-N-17,Logan Miller,Male,334 Pine Lane,Graphic Designer,28,2019-09-22
26-276488-N-18,Amelia Lee,Female,556 Cedar Road,Architect,34,2020-10-19
26-276488-N-19,Mason Turner,Male,778 Redwood Avenue,Writer,29,2022-01-26
26-276488-N-20,Ella Chen,Female,990 Pinehurst Drive,Teacher,27,2018-07-03
26-276488-N-21,Lucas Wang,Male,1122 Redwood Lane,Software Developer,30,2021-12-01
26-276488-N-22,Ava Garcia,Female,334 Cedar Street,Engineer,33,2019-04-15
26-276488-N-23,Oliver Davis,Male,556 Oak Boulevard,Doctor,35,2017-06-18
26-276488-N-24,Sofia Johnson,Female,778 Birch Drive,Artist,25,2020-11-02
26-276488-N-25,Liam Brown,Male,990 Pine Road,Writer,40,2018-02-09
26-276488-N-26,Emma Smith,Female,1122 Cedar Avenue,Scientist,32,2016-05-14
26-276488-N-27,William Miller,Male,334 Elm Way,Lawyer,45,2019-08-27
26-276488-N-28,Sophia Lee,Female,556 Oakwood St,Software Developer,27,2021-10-10
26-276488-N-29,James Turner,Male,778 Pinehurst Ave,Graphic Designer,29,2018-12-03
26-276488-N-30,Olivia Chen,Female,990 Redwood Rd,Architect,38,2020-02-18
26-276488-N-31,Liam Wang,Male,1122 Cedar Lane,Doctor,35,2017-05-20
26-276488-N-32,Emma Garcia,Female,334 Elm Street,Artist,25,2019-03-10
26-276488-N-33,Aiden Davis,Male,556 Pine Avenue,Writer,40,2018-11-05
26-276488-N-34,Mia Johnson,Female,778 Birch Road,Scientist,32,2017-08-15
26-276488-N-35,James Brown,Male,990 Oakwood Drive,Software Developer,27,2018-09-28
26-276488-N-36,Sophia Smith,Female,1122 Maple Boulevard,Lawyer,45,2022-03-10
26-276488-N-37,Logan Miller,Male,334 Pine Lane,Graphic Designer,28,2018-11-05
26-276488-N-38,Amelia Lee,Female,556 Cedar Road,Architect,35,2017-08-15
26-276488-N-39,Mason Turner,Male,778 Redwood Avenue,Writer,40,2018-09-28
26-276488-N-40,Ella Chen,Female,990 Pinehurst Drive,Teacher,27,2018-09-28
26-276488-N-41,Lucas Wang,Male,1122 Redwood Lane,Software Developer,27,2018-09-28
26-276488-N-42,Ava Garcia,Female,334 Cedar Street,Engineer,32,2018-09-28
26-276488-N-43,Oliver Davis,Male,556 Oak Boulevard,Doctor,35,2018-09-28
26-276488-N-44,Sofia Johnson,Female,778 Birch Drive,Artist,25,2018-09-28
26-276488-N-45,Liam Brown,Male,990 Pine Road,Writer,40,2018-09-28
26-276488-N-46,Emma Smith,Female,1122 Cedar Avenue,Scientist,32,2018-09-28
26-276488-N-47,William Miller,Male,334 Elm Way,Lawyer,45,2018-09-28
26-276488-N-48,Sophia Lee,Female,556 Oakwood St,Software Developer,27,2018-09-28
26-276488-N-49,James Turner,Male,778 Pinehurst Ave,Graphic Designer,29,2018-09-28
26-276488-N-50,Olivia Chen,Female,990 Redwood Rd,Architect,38,2018-09-28
26-276488-N-51,Liam Wang,Male,1122 Cedar Lane,Doctor,35,2018-09-28
26-276488-N-52,Emma Garcia,Female,334 Elm Street,Artist,25,2018-09-28
26-276488-N-53,Aiden Davis,Male,556 Pine Avenue,Writer,40,2018-09-28
26-276488-N-54,Mia Johnson,Female,778 Birch Road,Scientist,32,2018-09-28
26-276488-N-55,James Brown,Male,990 Oakwood Drive,Software Developer,27,2018-09-28
26-276488-N-56,Sophia Smith,Female,1122 Maple Boulevard,Lawyer,45,2018-09-28
26-276488-N-57,Logan Miller,Male,334 Pine Lane,Graphic Designer,28,2018-09-28
26-276488-N-58,Amelia Lee,Female,556 Cedar Road,Architect,34,2018-09-28
26-276488-N-59,Mason Turner,Male,778 Redwood Avenue,Writer,40,2018-09-28
26-276488-N-60,Ella Chen,Female,990 Pinehurst Drive,Teacher,27,2018-09-28
26-276488-N-61,Lucas Wang,Male,1122 Redwood Lane,Software Developer,30,2018-09-28
26-276488-N-62,Ava Garcia,Female,334 Cedar Street,Engineer,38,2018-09-28
26-276488-N-63,Oliver Davis,Male,556 Oak Boulevard,Doctor,35,2018-09-28
26-276488-N-64,Sofia Johnson,Female,778 Birch Drive,Artist,25,2018-09-28
26-276488-N-65,Liam Brown,Male,990 Pine Road,Writer,40,2018-09-28
26-276488-N-66,Emma Smith,Female,1122 Cedar Avenue,Scientist,32,2018-09-28
26-276488-N-67,William Miller,Male,334 Elm Way,Lawyer,45,2018-09-28
26-276488-N-68,Sophia Lee,Female,556 Oakwood St,Software Developer,27,2018-09-28
26-276488-N-69,James Turner,Male,778 Pinehurst Ave,Graphic Designer,29,2018-09-28
26-276488-N-70,Olivia Chen,Female,990 Redwood Rd,Architect,38,2018-09-28
